Name,ListPrice
LL Mountain Seat Assembly,133.3400
ML Mountain Seat Assembly,147.1400
HL Mountain Seat Assembly,196.9200
LL Road Seat Assembly,133.3400
ML Road Seat Assembly,147.1400
HL Road Seat Assembly,196.9200
LL Touring Seat Assembly,133.3400
ML Touring Seat Assembly,147.1400
HL Touring Seat Assembly,196.9200
"HL Road Frame - Black, 58",1431.5000
"HL Road Frame - Red, 58",1431.5000
"HL Road Frame - Red, 62",1431.5000
"HL Road Frame - Red, 44",1431.5000
"HL Road Frame - Red, 48",1431.5000
"HL Road Frame - Red, 52",1431.5000
"HL Road Frame - Red, 56",1431.5000
"LL Road Frame - Black, 58",337.2200
"LL Road Frame - Black, 60",337.2200
"LL Road Frame - Black, 62",337.2200
"LL Road Frame - Red, 44",337.2200
"LL Road Frame - Red, 48",337.2200
"LL Road Frame - Red, 52",337.2200
"LL Road Frame - Red, 58",337.2200
"LL Road Frame - Red, 60",337.2200
"LL Road Frame - Red, 62",337.2200
"ML Road Frame - Red, 44",594.8300
"ML Road Frame - Red, 48",594.8300
"ML Road Frame - Red, 52",594.8300
"ML Road Frame - Red, 58",594.8300
"ML Road Frame - Red, 60",594.8300
"LL Road Frame - Black, 44",337.2200
"LL Road Frame - Black, 48",337.2200
"LL Road Frame - Black, 52",337.2200
"HL Mountain Frame - Silver, 42",1364.5000
"HL Mountain Frame - Silver, 44",1364.5000
"HL Mountain Frame - Silver, 48",1364.5000
"HL Mountain Frame - Silver, 46",1364.5000
"HL Mountain Frame - Black, 42",1349.6000
"HL Mountain Frame - Black, 44",1349.6000
"HL Mountain Frame - Black, 48",1349.6000
"HL Mountain Frame - Black, 46",1349.6000
"HL Mountain Frame - Black, 38",1349.6000
"HL Mountain Frame - Silver, 38",1364.5000
"Road-150 Red, 62",3578.2700
"Road-150 Red, 44",3578.2700
"Road-150 Red, 48",3578.2700
"Road-150 Red, 52",3578.2700
"Road-150 Red, 56",3578.2700
"Road-450 Red, 58",1457.9900
"Road-450 Red, 60",1457.9900
"Road-450 Red, 44",1457.9900
"Road-450 Red, 48",1457.9900
"Road-450 Red, 52",1457.9900
"Road-650 Red, 58",782.9900
"Road-650 Red, 60",782.9900
"Road-650 Red, 62",782.9900
"Road-650 Red, 44",782.9900
"Road-650 Red, 48",782.9900
"Road-650 Red, 52",782.9900
"Road-650 Black, 58",782.9900
"Road-650 Black, 60",782.9900
"Road-650 Black, 62",782.9900
"Road-650 Black, 44",782.9900
"Road-650 Black, 48",782.9900
"Road-650 Black, 52",782.9900
"Mountain-100 Silver, 38",3399.9900
"Mountain-100 Silver, 42",3399.9900
"Mountain-100 Silver, 44",3399.9900
"Mountain-100 Silver, 48",3399.9900
"Mountain-100 Black, 38",3374.9900
"Mountain-100 Black, 42",3374.9900
"Mountain-100 Black, 44",3374.9900
"Mountain-100 Black, 48",3374.9900
"Mountain-200 Silver, 38",2319.9900
"Mountain-200 Silver, 42",2319.9900
"Mountain-200 Silver, 46",2319.9900
"Mountain-200 Black, 38",2294.9900
"Mountain-200 Black, 42",2294.9900
"Mountain-200 Black, 46",2294.9900
"Mountain-300 Black, 38",1079.9900
"Mountain-300 Black, 40",1079.9900
"Mountain-300 Black, 44",1079.9900
"Mountain-300 Black, 48",1079.9900
"Road-250 Red, 44",2443.3500
"Road-250 Red, 48",2443.3500
"Road-250 Red, 52",2443.3500
"Road-250 Red, 58",2443.3500
"Road-250 Black, 44",2443.3500
"Road-250 Black, 48",2443.3500
"Road-250 Black, 52",2443.3500
"Road-250 Black, 58",2443.3500
"Road-550-W Yellow, 38",1120.4900
"Road-550-W Yellow, 40",1120.4900
"Road-550-W Yellow, 42",1120.4900
"Road-550-W Yellow, 44",1120.4900
"Road-550-W Yellow, 48",1120.4900
LL Fork,148.2200
ML Fork,175.4900
HL Fork,229.4900
ML Headset,102.2900
HL Headset,124.7300
HL Mountain Handlebars,120.2700
HL Road Handlebars,120.2700
"ML Mountain Frame - Black, 38",348.7600
ML Mountain Front Wheel,209.0250
HL Mountain Front Wheel,300.2150
ML Road Front Wheel,248.3850
HL Road Front Wheel,330.0600
Touring Front Wheel,218.0100
"ML Road Frame-W - Yellow, 38",594.8300
ML Mountain Rear Wheel,236.0250
HL Mountain Rear Wheel,327.2150
LL Road Rear Wheel,112.5650
ML Road Rear Wheel,275.3850
HL Road Rear Wheel,357.0600
Touring Rear Wheel,245.0100
"ML Mountain Frame - Black, 40",348.7600
"ML Mountain Frame - Black, 44",348.7600
"ML Mountain Frame - Black, 48",348.7600
"ML Road Frame-W - Yellow, 40",594.8300
"ML Road Frame-W - Yellow, 42",594.8300
"ML Road Frame-W - Yellow, 44",594.8300
"ML Road Frame-W - Yellow, 48",594.8300
"HL Road Frame - Black, 62",1431.5000
"HL Road Frame - Black, 44",1431.5000
"HL Road Frame - Black, 48",1431.5000
"HL Road Frame - Black, 52",1431.5000
"Touring-Panniers, Large",125.0000
Hitch Rack - 4-Bike,120.0000
All-Purpose Bike Stand,159.0000
"HL Touring Frame - Yellow, 60",1003.9100
"LL Touring Frame - Yellow, 62",333.4200
"HL Touring Frame - Yellow, 46",1003.9100
"HL Touring Frame - Yellow, 50",1003.9100
"HL Touring Frame - Yellow, 54",1003.9100
"HL Touring Frame - Blue, 46",1003.9100
"HL Touring Frame - Blue, 50",1003.9100
"HL Touring Frame - Blue, 54",1003.9100
"HL Touring Frame - Blue, 60",1003.9100
Rear Derailleur,121.4600
"LL Touring Frame - Blue, 50",333.4200
"LL Touring Frame - Blue, 54",333.4200
"LL Touring Frame - Blue, 58",333.4200
"LL Touring Frame - Blue, 62",333.4200
"LL Touring Frame - Yellow, 44",333.4200
"LL Touring Frame - Yellow, 50",333.4200
"LL Touring Frame - Yellow, 54",333.4200
"LL Touring Frame - Yellow, 58",333.4200
"LL Touring Frame - Blue, 44",333.4200
"ML Mountain Frame-W - Silver, 40",364.0900
"ML Mountain Frame-W - Silver, 42",364.0900
"ML Mountain Frame-W - Silver, 46",364.0900
Rear Brakes,106.5000
"LL Mountain Frame - Silver, 42",264.0500
"LL Mountain Frame - Silver, 44",264.0500
"LL Mountain Frame - Silver, 48",264.0500
"LL Mountain Frame - Silver, 52",264.0500
"LL Mountain Frame - Black, 42",249.7900
"LL Mountain Frame - Black, 44",249.7900
"LL Mountain Frame - Black, 48",249.7900
"LL Mountain Frame - Black, 52",249.7900
"ML Mountain Frame-W - Silver, 38",364.0900
"LL Mountain Frame - Black, 40",249.7900
"LL Mountain Frame - Silver, 40",264.0500
Front Brakes,106.5000
LL Crankset,175.4900
ML Crankset,256.4900
HL Crankset,404.9900
"Touring-2000 Blue, 60",1214.8500
"Touring-1000 Yellow, 46",2384.0700
"Touring-1000 Yellow, 50",2384.0700
"Touring-1000 Yellow, 54",2384.0700
"Touring-1000 Yellow, 60",2384.0700
"Touring-3000 Blue, 54",742.3500
"Touring-3000 Blue, 58",742.3500
"Touring-3000 Blue, 62",742.3500
"Touring-3000 Yellow, 44",742.3500
"Touring-3000 Yellow, 50",742.3500
"Touring-3000 Yellow, 54",742.3500
"Touring-3000 Yellow, 58",742.3500
"Touring-3000 Yellow, 62",742.3500
"Touring-1000 Blue, 46",2384.0700
"Touring-1000 Blue, 50",2384.0700
"Touring-1000 Blue, 54",2384.0700
"Touring-1000 Blue, 60",2384.0700
"Touring-2000 Blue, 46",1214.8500
"Touring-2000 Blue, 50",1214.8500
"Touring-2000 Blue, 54",1214.8500
"Road-350-W Yellow, 40",1700.9900
"Road-350-W Yellow, 42",1700.9900
"Road-350-W Yellow, 44",1700.9900
"Road-350-W Yellow, 48",1700.9900
"Road-750 Black, 58",539.9900
"Touring-3000 Blue, 44",742.3500
"Touring-3000 Blue, 50",742.3500
"Mountain-400-W Silver, 38",769.4900
"Mountain-400-W Silver, 40",769.4900
"Mountain-400-W Silver, 42",769.4900
"Mountain-400-W Silver, 46",769.4900
"Mountain-500 Silver, 40",564.9900
"Mountain-500 Silver, 42",564.9900
"Mountain-500 Silver, 44",564.9900
"Mountain-500 Silver, 48",564.9900
"Mountain-500 Silver, 52",564.9900
"Mountain-500 Black, 40",539.9900
"Mountain-500 Black, 42",539.9900
"Mountain-500 Black, 44",539.9900
"Mountain-500 Black, 48",539.9900
"Mountain-500 Black, 52",539.9900
ML Bottom Bracket,101.2400
HL Bottom Bracket,121.4900
"Road-750 Black, 44",539.9900
"Road-750 Black, 48",539.9900
"Road-750 Black, 52",539.9900
